TMIN,TMAX,TH1,W1,TH2,W2,NSTEPS,NBITS,EXP

0.0,20.0,180.45,0,16.25,0,8000,2.60671805266399969625013000040781
0.0,20.0,180.45,0,16.25,0,8000,2.77473577335640397834026771306526
0.0,20.0,180.45,0,16.25,0,8000,1.27611000567732935095932589320000
0.0,20.0,180.45,0,16.25,0,8000,1.27616553517376440929353975661797
0.0,20.0,180.45,0,16.25,0,8000,1.27616338706813237102721814153483
